ID,Marital Status,Gender,Income,Children,Education,Occupation,Home Owner,Cars,Commute Distance,Region,Age,Purchased Bike
12496,0,0,40000,1,3,2,1,0,0,0,42,0
24107,0,1,30000,3,2,0,1,1,0,0,43,0
14177,0,1,80000,5,2,4,0,2,2,0,60,0
24381,1,1,70000,0,3,4,1,1,3,2,41,1
25597,1,1,30000,0,3,0,0,0,0,0,36,1
13507,0,0,10000,2,2,1,1,0,1,0,50,0
27974,1,1,160000,2,1,3,1,4,0,2,33,1
19364,0,1,40000,1,3,2,1,0,0,0,43,1
22155,0,1,20000,2,0,0,1,2,3,2,58,0
19280,0,1,20000,2,2,1,1,1,0,0,48,1
22173,0,0,30000,3,1,2,0,2,1,2,54,1
12697,1,0,90000,0,3,4,0,4,4,2,36,0
11434,0,1,170000,5,2,4,1,4,0,0,55,0
25323,0,1,40000,2,2,0,1,1,1,0,35,1
23542,1,1,60000,1,2,2,0,1,0,2,45,1
20870,1,0,10000,2,1,1,1,1,0,0,38,1
23316,1,1,30000,3,2,0,0,2,1,2,59,1
12610,0,0,30000,1,3,0,1,0,0,0,47,0
27183,1,1,40000,2,2,0,1,1,1,0,35,1
25940,1,1,20000,2,0,0,1,2,3,2,55,1
25598,0,0,40000,0,4,0,1,0,0,0,36,1
21564,1,0,80000,0,3,4,1,4,4,2,35,0
19193,1,1,40000,2,2,0,1,0,1,0,35,1
26412,0,0,80000,5,1,3,0,3,3,0,56,0
27184,1,1,40000,2,2,0,0,1,0,0,34,0
12590,1,1,30000,1,3,0,1,0,0,0,63,0
17841,1,1,30000,0,2,0,0,1,0,0,29,1
18283,1,0,100000,0,3,4,0,1,3,2,40,0
18299,0,1,70000,5,2,2,1,2,3,2,44,0
16466,1,0,20000,0,0,1,0,2,0,0,32,1
19273,0,0,20000,2,2,1,1,0,0,0,63,0
22400,0,1,10000,0,2,1,0,1,0,2,26,1
20942,1,0,20000,0,1,1,0,1,3,0,31,0
18484,1,1,80000,2,1,2,0,2,1,2,50,1
12291,1,1,90000,5,2,4,0,2,2,0,62,1
28380,1,0,10000,5,0,1,0,2,0,0,41,0
17891,0,0,10000,2,2,1,1,1,0,0,50,1
27832,1,0,30000,0,2,0,0,1,2,0,30,0
26863,1,1,20000,0,1,1,0,1,2,0,28,0
16259,1,0,10000,4,0,1,1,2,0,0,40,1
27803,1,0,30000,2,2,0,0,0,0,0,43,0
14347,1,0,40000,2,3,3,1,2,3,2,65,1
17703,0,0,10000,1,4,1,1,0,0,0,40,0
17185,0,0,170000,4,2,4,0,3,3,0,48,1
29380,0,0,20000,3,1,1,1,0,0,0,41,1
23986,0,0,20000,1,3,0,1,0,0,0,66,1
24466,0,0,60000,1,2,2,1,1,3,2,46,1
29097,1,0,40000,2,2,2,1,2,3,2,52,1
19487,0,1,30000,2,2,0,0,2,0,0,42,0
14939,0,1,40000,0,3,0,1,0,0,0,39,1
13826,1,0,30000,0,2,0,0,1,0,0,28,0
20619,1,1,80000,0,3,4,0,4,4,2,35,0
12558,0,0,20000,1,3,0,1,0,0,0,65,0
24871,1,0,90000,4,1,3,0,3,3,0,56,0
17319,1,0,70000,0,3,4,0,1,3,2,42,0
28906,0,1,80000,4,1,4,1,2,4,0,54,0
12808,0,1,40000,0,3,0,1,0,0,0,38,1
20567,0,1,130000,4,2,4,0,4,3,0,61,1
25502,0,0,40000,1,3,2,1,0,0,0,43,1
15580,0,1,60000,2,3,4,1,1,2,2,38,1
24185,1,0,10000,1,1,1,0,1,1,0,45,0
19291,1,0,10000,2,1,1,1,0,0,0,35,0
16713,0,1,40000,2,3,3,1,1,0,2,52,1
16185,1,1,60000,4,3,4,1,3,4,2,41,0
14927,0,0,30000,1,3,0,1,0,0,0,37,1
29337,1,1,30000,2,2,0,1,2,3,2,68,0
29355,0,0,40000,0,4,0,1,0,0,0,37,1
25303,1,1,30000,0,1,1,1,1,2,0,33,1
14813,1,0,20000,4,1,1,1,1,0,0,43,1
16438,0,0,10000,0,0,1,0,2,0,0,30,0
14238,0,1,120000,0,0,4,1,4,4,2,36,1
16200,1,0,10000,0,0,1,0,2,0,0,35,0
24857,0,0,130000,3,1,4,1,4,0,0,52,0
26956,1,0,20000,0,2,1,0,1,2,0,36,1
14517,0,0,20000,3,1,2,0,2,1,2,62,0
12678,1,0,130000,4,1,3,1,4,0,2,31,0
16188,1,0,20000,0,0,1,0,2,1,0,26,0
27969,0,1,80000,0,3,4,1,2,4,2,29,1
15752,0,1,80000,2,1,2,0,2,1,2,50,1
27745,1,1,40000,2,3,3,1,2,3,2,63,1
20828,0,0,30000,4,4,0,1,0,0,0,45,1
19461,1,0,10000,4,0,1,1,2,0,0,40,0
26941,0,1,30000,0,3,0,1,0,0,0,47,1
28412,1,1,20000,0,1,1,0,1,2,0,29,0
24485,1,1,40000,2,3,3,0,1,3,2,52,1
16514,1,1,10000,0,2,1,1,1,1,2,26,1
17191,1,1,130000,3,2,4,0,3,0,0,51,1
19608,0,1,80000,5,3,4,1,4,1,2,40,0
24119,1,1,30000,0,2,0,0,1,2,0,29,0
25458,0,1,20000,1,1,1,0,1,1,0,40,1
26886,1,0,30000,0,2,0,0,1,0,0,29,1
28436,1,1,30000,0,2,0,0,1,0,0,30,1
19562,1,0,60000,2,3,4,1,1,2,2,37,1
15608,1,0,30000,0,2,0,0,1,2,0,33,0
16487,1,0,30000,3,1,2,1,2,3,2,55,0
17197,1,0,90000,5,2,4,1,2,4,0,62,0
12507,0,1,30000,1,2,0,1,1,0,0,43,0
23940,0,1,40000,1,3,2,1,1,0,0,44,1
19441,1,1,40000,0,4,0,1,0,0,0,37,1
26852,0,0,20000,3,1,1,1,2,0,0,43,0
12274,1,1,10000,2,1,1,1,0,0,0,35,0
20236,1,1,60000,3,3,4,0,2,0,2,43,1
24149,0,1,10000,2,2,1,1,0,1,0,49,0
26139,1,1,60000,1,2,2,1,1,3,2,45,0
18491,1,0,70000,2,1,4,1,2,3,2,49,1
22707,1,0,30000,0,2,0,0,1,2,0,30,0
20430,0,1,70000,2,2,2,1,2,3,2,52,1
27494,1,0,40000,2,2,2,0,2,1,2,53,1
26829,0,0,40000,0,3,0,1,0,0,0,38,1
28395,1,1,40000,0,3,4,0,0,0,0,39,1
21006,1,0,20000,1,2,1,0,0,0,0,46,1
14682,1,0,70000,0,3,4,0,1,3,2,38,0
17650,1,0,40000,2,2,0,1,2,1,0,35,0
29191,1,0,130000,1,4,3,0,1,0,2,36,1
15030,0,1,20000,0,3,0,1,0,0,2,26,1
24140,1,1,10000,0,4,1,0,0,0,0,30,1
22496,0,0,30000,1,3,2,1,2,0,0,42,0
24065,1,0,20000,2,1,1,1,0,0,0,40,1
19914,0,1,80000,5,3,3,1,2,2,0,62,0
12871,1,0,30000,0,2,0,0,1,2,0,29,0
22988,0,0,40000,2,3,3,1,2,3,2,66,1
15922,0,1,150000,2,1,4,1,4,0,0,48,0
12344,1,0,80000,0,3,4,0,3,4,2,31,0
23627,1,0,100000,3,2,3,0,4,3,0,56,0
27775,1,0,40000,0,3,0,0,0,0,0,38,1
29301,0,1,80000,5,3,4,1,4,1,2,40,0
12716,1,1,30000,0,2,0,1,1,2,0,32,0
12472,0,1,30000,1,3,0,1,1,2,0,39,0
20970,1,1,10000,2,2,1,1,1,0,0,52,1
26818,1,1,10000,3,1,1,1,1,0,0,39,1
12993,0,1,60000,2,3,4,1,1,2,2,37,0
14192,0,1,90000,4,1,3,1,3,3,0,56,1
19477,0,1,40000,0,3,4,1,0,0,0,40,1
26796,1,1,40000,2,3,3,1,2,3,2,65,1
21094,1,0,30000,2,2,0,1,2,0,0,42,0
12234,0,1,10000,2,2,1,1,1,2,0,52,0
28683,1,0,10000,1,1,1,0,1,3,0,35,1
17994,1,1,20000,2,1,1,1,2,0,0,42,0
24273,0,0,20000,2,0,0,1,2,3,2,55,1
26547,1,0,30000,2,2,0,0,2,3,2,60,1
22500,1,1,40000,0,3,4,0,0,0,0,40,1
23993,1,0,10000,0,2,1,0,1,0,2,26,1
14832,0,1,40000,1,3,2,1,0,0,0,42,1
16614,0,0,80000,0,3,4,1,3,4,2,32,0
20877,1,1,30000,1,3,0,1,0,1,0,37,1
20729,0,0,40000,2,2,0,0,1,0,0,34,0
22464,0,1,40000,0,4,0,1,0,0,0,37,1
19475,0,0,40000,0,3,4,0,0,0,0,40,1
19675,0,1,20000,4,1,2,1,2,3,2,60,0
12728,1,1,30000,0,2,0,0,1,1,0,27,0
26154,0,1,60000,1,2,2,1,1,3,2,43,1
29117,1,1,100000,1,3,3,0,3,0,2,48,0
17845,1,0,20000,0,0,1,0,2,1,0,32,0
25058,0,1,100000,1,3,3,1,3,2,2,47,0
23426,1,1,80000,5,4,3,1,3,0,2,40,0
14798,1,0,10000,4,0,1,1,2,0,0,41,1
12664,0,0,130000,5,2,4,1,4,0,0,59,0
23979,1,1,10000,2,2,1,0,0,0,0,50,0
25605,1,0,20000,2,2,1,0,1,0,0,54,1
20797,0,0,10000,1,3,1,1,0,0,0,48,0
21980,1,0,60000,1,3,4,1,1,3,2,44,1
25460,0,0,20000,2,1,1,1,0,0,0,40,1
29181,1,0,60000,2,3,4,0,1,0,2,38,1
24279,1,1,40000,2,2,2,0,2,1,2,52,0
22402,0,1,10000,0,2,1,1,1,2,2,25,1
15465,0,0,10000,0,2,1,0,1,0,2,25,0
26757,1,1,90000,1,3,4,1,1,2,2,47,1
14233,1,1,100000,0,1,3,1,3,4,2,35,0
14058,1,1,70000,0,3,4,0,1,3,2,41,1
12273,0,1,30000,1,3,0,1,0,0,0,47,0
17203,0,0,130000,4,2,4,1,4,3,0,61,1
18144,0,0,80000,5,3,3,1,2,2,0,61,0
23963,0,1,10000,0,0,1,0,2,0,0,33,0
17907,0,0,10000,0,2,1,1,1,2,2,27,0
19442,1,1,50000,0,4,2,1,0,0,0,37,1
17504,1,0,80000,2,2,2,1,2,3,2,52,1
12253,1,0,20000,0,2,1,1,0,0,2,29,1
27304,1,0,110000,2,2,4,0,3,3,0,48,0
14191,0,1,160000,4,2,4,0,2,4,0,55,1
12212,0,0,10000,0,4,1,1,0,0,0,37,1
25529,1,1,10000,1,4,1,1,0,0,0,44,0
22170,0,0,30000,3,2,0,0,2,1,2,55,1
19445,0,0,10000,2,1,1,0,1,0,0,38,0
15265,1,1,40000,2,3,3,1,2,3,2,66,1
28918,0,0,130000,4,1,3,0,4,4,0,58,0
15799,0,0,90000,1,3,4,1,1,2,2,47,1
11047,0,0,30000,3,1,2,0,2,1,2,56,1
18151,1,1,80000,5,2,4,0,2,4,0,59,0
20606,0,0,70000,0,3,4,1,4,4,2,32,1
19482,0,1,30000,1,2,0,1,1,0,0,44,1
16489,0,1,30000,3,1,2,1,2,3,2,55,0
26944,1,1,10000,2,1,1,1,0,0,0,36,1
15682,1,0,80000,5,3,3,1,2,4,0,62,0
26032,0,0,70000,5,3,4,1,4,4,2,41,0
17843,1,0,10000,0,0,1,0,2,0,0,32,0
25559,1,1,20000,0,3,0,1,0,0,2,25,1
16209,1,0,50000,0,4,2,1,0,1,0,36,0
11147,0,1,60000,2,4,3,1,1,0,2,67,1
15214,1,0,100000,0,4,3,0,1,1,2,39,1
11453,1,1,80000,0,3,4,0,3,4,2,33,1
24584,1,1,60000,0,3,4,0,3,2,2,31,0
12585,0,1,10000,1,1,1,1,0,2,2,27,1
18626,1,1,40000,2,2,0,1,0,1,0,33,1
29298,1,0,60000,1,2,2,1,1,3,2,46,1
24842,1,0,90000,3,1,4,0,1,2,0,51,0
15657,0,1,30000,3,4,0,1,0,0,0,46,1
11415,1,1,90000,5,2,4,0,2,4,0,62,0
28729,1,0,20000,0,0,1,1,2,1,0,26,1
22633,1,0,40000,0,4,0,1,0,0,0,37,1
25649,1,0,30000,3,2,0,1,0,0,0,42,1
14669,0,0,80000,4,4,3,1,1,0,2,36,0
19299,0,0,50000,0,4,2,1,0,0,0,36,1
20946,1,0,30000,0,2,0,0,1,2,0,30,0
11451,1,1,70000,0,3,4,0,4,4,2,31,1
25553,0,1,30000,1,3,0,1,0,0,0,65,1
27951,1,1,80000,4,2,4,0,2,2,0,54,1
25026,0,1,20000,2,0,0,1,3,3,2,54,0
13673,1,0,20000,0,0,1,0,2,0,0,25,0
16043,1,1,10000,1,3,1,1,0,0,0,48,0
22399,1,1,10000,0,2,1,1,1,1,2,26,1
27696,0,1,60000,1,3,4,1,1,3,2,43,1
25313,1,1,10000,0,0,1,0,2,1,0,35,0
13813,0,0,30000,3,2,0,0,0,0,0,42,0
18711,1,0,70000,5,3,4,1,4,4,2,39,0
19650,0,0,30000,2,2,0,0,2,0,2,67,0
14135,0,1,20000,1,2,1,1,0,1,0,63,0
12833,1,0,20000,3,1,1,1,1,0,0,42,1
26849,0,1,10000,3,0,1,1,2,0,0,43,0
20962,0,0,20000,1,4,0,1,0,0,0,45,0
28915,1,1,80000,5,1,3,1,3,4,0,57,0
22830,0,1,120000,4,2,3,1,3,4,0,56,0
14777,0,0,40000,0,3,0,1,0,0,0,38,1
12591,0,0,30000,4,4,0,1,0,0,0,45,0
24174,0,1,20000,0,3,0,1,0,0,2,27,1
24611,1,1,90000,0,3,4,0,4,4,2,35,1
11340,0,0,10000,1,4,0,1,0,0,0,70,1
25693,1,0,30000,5,4,0,1,0,0,0,44,1
25555,0,0,10000,0,2,1,0,1,0,2,26,1
22006,0,1,70000,5,2,2,1,3,3,2,46,0
20060,1,0,30000,0,1,1,0,1,2,0,34,1
17702,0,1,10000,1,4,1,1,0,0,0,37,0
12503,1,0,30000,3,2,0,1,2,0,0,27,0
23908,1,1,30000,1,3,0,0,1,0,0,39,1
22527,1,0,20000,0,1,1,0,1,2,0,29,0
19057,0,0,120000,3,3,3,0,2,4,0,52,1
18494,0,1,110000,5,3,3,1,4,2,2,48,1
11249,0,0,130000,3,2,4,1,3,0,0,51,1
21568,0,0,100000,0,1,3,1,4,4,2,34,1
13981,0,0,10000,5,1,2,0,3,1,2,62,0
23432,1,1,70000,0,3,4,1,1,3,2,37,1
22931,0,1,100000,5,4,3,0,1,1,2,78,1
18172,0,1,130000,4,1,4,1,3,0,0,55,0
12666,1,1,60000,0,3,4,0,4,2,2,31,0
20598,0,1,100000,3,0,4,1,0,4,0,59,1
21375,1,1,20000,2,0,0,1,2,3,2,57,0
20839,1,0,30000,3,4,0,1,0,0,0,47,1
21738,0,1,20000,1,4,0,1,0,0,0,43,0
14164,1,0,50000,0,4,2,1,0,0,0,36,1
14193,1,0,100000,3,2,3,1,4,4,0,56,0
12705,0,1,150000,0,3,3,1,4,0,2,37,1
22672,1,0,30000,2,2,0,1,0,0,0,43,0
26219,0,0,40000,1,3,2,1,1,1,0,33,1
28468,0,0,10000,2,2,1,1,0,1,0,51,0
23419,1,0,70000,5,3,4,1,3,4,2,39,0
17964,0,1,40000,0,4,0,1,0,0,0,37,1
20919,1,0,30000,2,2,0,1,2,0,0,42,0
20927,1,0,20000,5,1,1,1,2,0,0,27,0
13133,1,1,100000,5,3,4,1,1,3,2,47,1
19626,0,1,70000,5,2,2,1,3,3,2,45,0
21039,1,0,50000,0,4,2,0,0,0,0,37,1
12231,1,0,10000,2,2,1,1,0,0,0,51,1
25665,1,0,20000,0,1,1,0,1,1,0,28,0
24061,0,1,10000,4,0,1,1,1,0,0,40,1
26879,1,0,20000,0,1,1,0,1,2,0,30,0
12284,0,0,30000,0,3,0,0,0,0,0,36,1
26654,0,0,90000,1,4,3,1,0,0,2,37,1
14545,0,0,10000,2,2,1,1,0,1,0,49,0
24201,0,0,10000,2,1,1,1,0,0,0,37,1
20625,0,1,100000,0,1,3,1,3,4,2,35,1
16390,1,1,30000,1,3,0,0,0,0,0,38,1
14804,1,0,10000,3,0,1,1,2,0,0,43,0
12629,1,1,20000,1,2,1,0,0,0,0,37,0
14696,1,1,10000,0,0,1,0,2,0,0,34,0
22005,0,0,70000,5,2,2,0,3,3,2,46,0
14544,1,1,10000,1,2,1,1,0,0,0,49,0
14312,0,0,60000,1,2,2,1,1,3,2,45,0
29120,1,0,100000,1,3,3,1,4,2,2,48,0
24187,1,0,30000,3,4,0,0,0,0,0,46,1
15758,0,1,130000,0,4,3,1,0,3,2,48,0
29094,0,1,30000,3,1,2,1,2,3,2,54,1
28319,1,0,60000,1,2,2,0,1,0,2,46,1
16406,0,1,40000,0,3,0,0,0,0,0,38,1
20923,0,0,40000,1,3,2,1,0,0,0,42,1
11378,1,0,10000,1,1,1,0,1,2,0,46,1
20851,1,1,20000,0,2,1,0,1,2,0,36,1
21557,1,0,110000,0,2,3,1,3,4,2,32,1
26663,1,0,60000,2,3,4,0,1,0,2,39,1
11896,0,1,100000,1,4,3,1,0,2,2,36,1
14189,0,0,90000,4,1,4,0,2,2,0,54,1
13136,0,0,30000,2,2,0,0,2,3,2,69,0
25906,1,0,10000,5,1,2,0,2,1,2,62,0
17926,0,0,20000,0,3,0,0,0,0,2,28,1
26928,1,1,30000,1,3,0,1,0,0,0,62,1
20897,0,0,30000,1,3,2,1,2,0,0,40,0
28207,0,1,80000,4,4,3,1,1,0,2,36,1
25923,1,1,10000,2,0,0,1,2,3,2,58,0
11000,0,1,90000,2,3,4,1,0,1,2,40,1
20974,0,1,10000,2,3,0,1,1,0,0,66,0
28758,0,1,40000,2,2,0,1,1,1,0,35,1
11381,0,0,20000,2,2,1,1,1,2,0,47,1
17522,0,1,120000,4,3,3,1,1,2,2,47,0
21207,0,1,60000,1,2,2,1,1,3,2,46,0
28102,0,1,20000,4,1,2,1,2,3,2,58,1
23105,1,1,40000,3,0,0,0,2,3,2,52,1
18740,0,1,80000,5,3,4,0,1,0,2,47,1
21213,1,1,70000,0,3,4,0,1,3,2,41,0
17352,0,1,50000,2,4,3,1,1,3,2,64,1
14154,0,1,30000,0,3,0,1,0,0,0,35,1
19066,0,1,130000,4,2,4,0,3,4,0,54,0
11386,0,0,30000,3,3,0,1,0,0,0,45,0
20228,0,1,100000,0,4,3,1,0,2,2,40,1
16675,1,0,160000,0,4,3,0,3,0,2,47,1
16410,1,0,10000,4,0,1,1,2,0,0,41,1
27760,1,0,40000,0,4,0,0,0,0,0,37,1
22930,0,1,90000,4,3,4,1,0,1,2,38,1
23780,1,1,40000,2,2,0,0,2,0,0,36,1
20994,0,0,20000,0,3,0,0,0,0,2,26,1
28379,0,1,30000,1,3,2,1,2,0,0,40,0
14865,1,1,40000,2,2,0,1,2,1,0,36,0
12663,0,0,90000,5,0,2,1,2,4,0,59,0
24898,1,0,80000,0,3,4,1,3,4,2,32,0
19508,0,1,10000,0,0,1,0,2,0,0,30,0
11489,1,0,20000,0,0,1,0,2,1,0,35,1
18160,0,1,130000,3,1,4,1,4,3,0,51,1
25241,0,1,90000,2,3,4,1,1,3,2,47,0
24369,0,0,80000,5,4,3,0,2,0,2,39,0
27165,1,1,20000,0,0,1,0,2,0,0,34,0
29424,0,1,10000,0,0,1,1,2,0,0,32,0
15926,1,0,120000,3,1,4,1,4,3,0,50,1
14554,0,1,20000,1,3,0,1,0,0,0,66,0
16468,1,1,30000,0,2,0,1,1,2,0,30,0
19174,1,0,30000,0,1,1,0,1,2,0,32,1
19183,1,1,10000,0,0,1,1,2,1,0,35,0
13683,1,0,30000,0,1,1,0,1,2,0,32,0
17848,1,1,30000,0,2,0,0,1,2,0,31,1
17894,0,0,20000,1,3,0,1,0,0,0,50,1
25651,0,1,40000,1,3,2,0,0,0,0,43,1
22936,1,0,60000,1,2,2,0,1,0,2,45,1
23915,0,1,20000,2,1,1,1,2,0,0,42,0
24121,1,0,30000,0,2,0,0,1,0,0,29,1
27878,1,1,20000,0,2,1,0,0,0,2,28,1
13572,1,1,10000,3,1,1,1,0,0,0,37,1
27941,0,0,80000,4,2,4,1,2,2,0,53,0
26354,1,1,40000,0,4,0,0,0,0,0,38,1
14785,1,1,30000,1,3,0,0,1,1,0,39,0
17238,1,1,80000,0,3,4,1,3,4,2,32,0
23608,0,0,150000,3,1,4,1,3,0,0,51,1
22538,1,0,10000,0,0,1,1,2,1,0,33,0
12332,0,1,90000,4,1,3,1,3,3,0,58,1
17230,0,1,80000,0,3,4,1,3,4,2,30,0
13082,1,1,130000,0,4,3,1,0,2,2,48,1
22518,1,0,30000,3,2,0,0,2,0,0,27,1
13687,0,1,40000,1,3,2,1,1,0,0,33,1
23571,0,0,40000,2,3,3,1,2,0,2,66,1
19305,1,0,10000,2,1,1,1,1,0,0,38,1
22636,1,0,40000,0,3,0,0,0,0,0,38,1
17310,0,1,60000,1,2,2,1,1,0,2,45,1
12133,0,0,130000,3,2,4,1,3,3,0,50,1
25918,1,0,30000,2,2,0,0,2,3,2,60,1
25752,1,0,20000,2,2,1,0,1,0,0,53,1
17324,0,0,100000,4,3,4,1,1,4,2,46,0
22918,1,1,80000,5,4,3,1,3,0,2,40,0
12510,0,1,40000,1,3,2,1,1,0,0,43,1
25512,1,1,20000,0,1,1,0,1,2,0,30,0
16179,1,0,80000,5,3,4,1,4,1,2,38,0
15628,0,0,40000,1,3,2,1,1,0,0,89,0
20977,0,1,20000,1,3,0,1,0,0,0,64,1
18140,0,1,130000,3,2,4,0,3,3,0,51,1
20417,0,1,30000,3,2,0,0,2,3,2,56,0
18267,0,1,60000,3,3,4,1,2,3,2,43,0
13620,1,1,70000,0,3,4,0,3,4,2,30,1
22974,0,0,30000,2,2,0,1,2,3,2,69,0
13586,0,1,80000,4,2,4,1,2,4,0,53,0
17978,0,1,40000,0,4,0,1,0,0,0,37,1
12581,1,0,10000,0,2,1,0,1,0,2,28,1
18018,1,1,30000,3,2,0,1,0,0,0,43,0
28957,1,0,120000,0,0,4,1,4,4,2,34,1
13690,1,0,20000,0,0,1,0,2,1,0,34,1
12568,0,0,30000,1,3,0,1,0,0,0,64,0
13122,0,0,80000,0,3,4,1,1,1,2,41,1
21184,1,1,70000,0,3,4,0,1,3,2,38,0
26150,1,0,70000,0,3,4,0,1,0,2,41,1
24151,1,1,20000,1,3,0,0,0,0,0,51,0
23962,0,0,10000,0,0,1,1,2,1,0,32,0
17793,0,0,40000,0,3,0,1,0,0,0,38,1
14926,0,1,30000,1,3,0,1,0,0,0,38,1
16163,1,1,60000,2,3,4,1,1,2,2,38,1
21365,0,0,10000,2,0,0,1,2,3,2,58,0
27771,1,1,30000,1,3,0,1,1,1,0,39,1
26167,1,0,40000,2,3,3,0,1,3,2,53,1
25792,1,0,110000,3,3,3,1,4,4,0,53,0
11555,0,0,40000,1,3,0,1,0,0,0,80,0
22381,0,1,10000,1,4,1,1,0,0,0,44,0
17882,0,1,20000,1,4,0,1,0,0,0,44,0
22174,0,1,30000,3,1,2,1,2,3,2,54,1
22439,0,0,30000,0,3,0,1,0,0,0,37,1
18012,0,0,40000,1,3,2,1,0,0,0,41,0
27582,1,0,90000,2,3,4,0,0,0,2,36,1
12744,1,0,40000,2,2,0,1,0,0,0,33,0
22821,0,0,130000,3,2,4,1,4,0,0,52,0
20171,0,0,20000,2,2,1,1,1,0,0,46,1
11116,0,1,70000,5,2,2,1,2,3,2,43,0
20053,1,1,40000,2,2,0,1,0,0,0,34,0
25266,1,0,30000,2,2,0,0,2,3,2,67,0
17960,0,0,40000,0,4,0,1,0,0,0,35,1
13961,0,0,80000,5,4,3,1,3,0,2,40,0
11897,1,1,60000,2,3,4,0,1,0,2,37,1
11139,1,0,30000,2,2,0,0,2,3,2,67,0
11576,0,1,30000,1,3,2,1,2,0,0,41,1
19255,1,1,10000,2,2,1,1,1,0,0,51,1
18153,0,0,100000,2,3,3,1,4,4,0,59,0
14547,0,1,10000,2,2,1,1,0,1,0,51,0
24901,1,1,110000,0,2,3,0,3,4,2,32,1
27169,1,1,30000,0,1,1,1,1,2,0,34,1
14805,1,0,10000,3,0,1,1,2,0,0,43,0
15822,0,1,40000,2,3,3,1,2,0,2,67,0
19389,1,1,30000,0,2,0,0,1,2,0,28,0
17048,1,0,90000,1,4,3,1,0,0,2,36,1
22204,0,1,110000,4,3,3,1,3,2,2,48,0
12718,1,0,30000,0,2,0,1,1,2,0,31,0
15019,1,0,30000,3,1,2,1,2,3,2,55,0
28488,1,1,20000,0,2,1,1,0,0,2,28,1
21891,0,0,110000,0,1,3,1,3,4,2,34,1
27814,1,0,30000,3,2,0,0,1,0,0,26,0
22175,0,0,30000,3,1,2,1,2,3,2,53,1
29447,1,0,10000,2,3,0,0,1,2,0,68,0
19784,0,0,80000,2,1,2,1,2,3,2,50,1
27824,1,0,30000,3,2,0,1,2,0,0,28,1
24093,1,0,80000,0,4,2,0,0,0,0,40,1
19618,0,1,70000,5,2,2,1,2,0,2,44,0
21561,1,1,90000,0,3,4,0,3,4,2,34,1
11061,0,1,80000,2,2,2,1,2,3,2,52,1
26651,1,1,80000,4,4,3,1,0,0,2,36,1
21108,0,0,40000,1,3,2,1,1,0,0,43,1
12731,1,1,30000,0,1,1,0,1,1,0,32,0
25307,0,0,40000,1,3,2,1,1,1,0,32,1
14278,0,0,130000,0,4,3,1,1,4,2,48,0
20711,0,0,40000,1,3,2,1,0,1,0,32,1
11383,0,0,30000,3,4,0,1,0,0,0,46,0
12497,0,0,40000,1,3,2,1,0,0,0,42,0
16559,1,0,10000,2,1,1,1,0,0,0,36,1
11585,0,0,40000,1,3,2,1,0,0,0,41,0
20277,0,0,30000,2,2,0,0,2,0,2,69,0
26765,1,0,70000,5,2,2,1,2,3,2,45,0
12389,1,1,30000,0,1,1,0,1,2,0,34,0
13585,0,0,80000,4,2,4,0,1,2,0,53,1
26385,1,1,120000,3,1,4,0,4,3,0,50,0
12236,0,0,20000,1,2,1,1,0,0,0,65,0
21560,0,1,120000,0,0,4,1,4,4,2,32,1
21554,1,0,80000,0,3,4,0,3,4,2,33,0
13662,1,1,20000,0,0,1,1,2,1,0,31,1
13089,0,0,120000,1,3,3,1,2,0,2,46,1
14791,0,0,40000,0,3,0,1,0,0,0,39,1
19331,1,1,20000,2,1,1,1,1,0,0,40,0
17754,1,0,30000,3,3,0,1,0,0,0,46,1
11149,0,1,40000,2,3,3,1,2,0,2,65,0
16549,1,0,30000,3,3,0,1,0,0,0,47,1
24305,1,1,100000,1,3,3,0,3,0,2,46,1
18253,0,0,80000,5,4,3,1,3,0,2,40,0
20147,0,0,30000,1,3,0,1,0,0,0,65,0
15612,1,1,30000,0,1,1,0,1,1,0,28,0
28323,1,1,70000,0,3,4,0,2,3,2,43,1
22634,1,0,40000,0,4,0,1,0,0,0,38,1
15665,0,0,30000,0,3,0,1,0,0,0,47,1
27585,0,0,90000,2,3,4,0,0,0,2,36,1
19748,0,1,20000,4,1,2,0,2,1,2,60,0
21974,1,0,70000,0,3,4,1,1,3,2,42,1
14032,0,1,70000,2,1,2,0,2,1,2,50,1
22610,0,1,30000,0,3,0,1,0,0,0,35,1
26984,0,1,40000,1,3,2,1,1,0,0,32,1
18294,0,0,90000,1,3,4,1,1,3,2,46,0
28564,1,0,40000,2,2,0,1,0,1,0,33,1
28521,1,1,40000,0,4,0,0,0,0,0,36,1
15450,0,1,10000,1,4,0,1,0,0,0,70,0
25681,1,0,30000,0,2,0,0,1,2,0,31,1
19491,1,1,30000,2,2,0,1,2,0,0,42,0
26415,0,0,90000,4,0,2,1,4,4,0,58,0
12821,0,1,40000,0,3,0,1,0,0,0,39,0
15629,1,0,10000,0,0,1,1,2,1,0,34,0
27835,0,1,20000,0,0,1,1,2,0,0,32,0
11738,0,1,60000,4,3,4,1,0,2,1,46,0
25065,0,1,70000,2,0,2,1,2,3,1,48,0
26238,1,0,40000,3,2,0,1,1,1,1,31,1
23707,1,1,70000,5,3,3,1,3,4,1,60,1
27650,0,1,70000,4,1,4,1,0,3,1,51,0
24981,0,1,60000,2,2,4,1,2,4,1,56,0
20678,1,0,60000,3,3,2,1,1,2,1,40,1
15302,1,0,70000,1,4,4,1,0,2,1,34,1
26012,0,1,80000,1,2,2,1,1,2,1,48,1
26575,1,0,40000,0,1,2,0,2,1,1,31,1
15559,0,1,60000,5,3,4,1,1,2,1,47,0
19235,0,0,50000,0,4,2,1,0,0,1,34,0
15275,0,1,40000,0,2,2,1,1,3,1,29,0
20339,0,0,130000,1,3,3,1,4,2,1,44,1
25405,0,1,70000,2,3,2,1,1,2,1,38,1
15940,0,1,100000,4,2,4,1,4,0,1,40,0
25074,0,0,70000,4,3,4,1,2,2,1,42,1
24738,0,0,40000,1,2,0,1,1,1,1,51,1
16337,0,1,60000,0,2,2,0,2,1,1,29,0
24357,0,1,60000,3,3,4,1,1,2,1,48,1
18613,1,1,70000,0,3,4,0,1,2,1,37,1
12207,1,1,80000,4,3,3,1,2,3,1,66,1
18052,0,0,60000,1,2,2,1,1,0,1,45,1
13353,1,0,60000,4,4,3,1,2,4,1,61,1
19399,1,1,40000,0,3,4,0,1,2,1,45,0
16154,0,0,70000,5,3,4,1,2,2,1,47,0
22219,0,0,60000,2,1,4,1,2,3,1,49,0
17269,1,1,60000,3,3,4,0,0,0,1,47,1
23586,0,0,80000,0,3,3,1,1,1,1,34,1
15740,0,1,80000,5,3,3,1,2,1,1,64,0
27638,1,1,100000,1,2,4,0,3,1,1,44,0
18976,1,1,40000,4,1,4,1,2,4,1,62,1
19413,1,1,60000,3,3,4,0,1,0,1,47,1
13283,0,1,80000,3,2,4,0,2,0,1,49,1
17471,1,0,80000,4,4,3,1,2,3,1,67,0
16791,1,1,60000,5,3,3,1,3,4,1,59,1
15382,0,0,110000,1,3,3,1,2,1,1,44,0
11641,0,1,50000,1,3,2,1,0,0,1,36,0
11935,1,0,30000,0,2,2,1,1,3,1,28,0
13233,0,1,60000,2,2,4,1,1,4,1,57,1
25909,0,1,60000,0,2,2,1,1,3,1,27,1
14092,1,1,30000,0,0,0,1,2,3,1,28,0
29143,1,0,60000,1,3,4,0,1,0,1,44,1
24941,0,1,60000,3,3,3,1,2,4,1,66,0
24637,0,1,40000,4,1,4,1,2,4,1,64,0
23893,0,1,50000,3,3,2,1,3,4,1,41,0
13907,1,0,80000,3,3,2,1,1,0,1,41,1
14900,0,0,40000,1,2,0,1,1,1,1,49,1
11262,0,0,80000,4,3,3,1,0,0,1,42,0
22294,1,0,70000,0,3,4,0,1,2,1,37,1
12195,1,0,70000,3,4,3,1,2,1,1,52,0
25375,0,1,50000,1,4,2,1,0,1,1,34,0
11143,0,1,40000,0,1,2,1,2,3,1,29,0
25898,0,0,70000,2,1,4,1,2,2,1,53,0
24397,1,1,120000,2,3,3,0,4,1,1,40,0
19758,1,1,60000,0,2,2,0,2,1,1,29,0
15529,0,1,60000,4,3,4,1,2,2,1,43,1
19884,0,1,60000,2,1,4,1,2,2,1,55,1
18674,1,0,80000,4,4,2,0,0,0,1,48,0
13453,0,0,130000,1,3,3,1,3,0,1,45,1
14063,1,0,70000,0,3,4,0,1,0,2,42,1
27393,0,0,50000,4,3,3,1,2,4,1,63,0
14417,1,1,60000,3,1,4,1,2,4,1,54,1
17533,0,1,40000,3,2,4,0,2,3,1,73,1
18580,0,0,60000,2,4,4,1,0,2,1,36,1
17025,1,1,50000,0,2,2,0,1,2,1,39,1
25293,0,1,80000,4,3,3,1,0,1,1,42,0
24725,0,0,40000,3,2,0,1,0,1,1,31,0
23200,0,0,50000,3,3,2,1,2,0,1,41,0
15895,1,0,60000,2,3,3,1,0,4,1,58,0
18577,0,0,60000,0,4,4,1,0,0,1,40,0
27218,0,0,20000,2,0,0,0,2,0,1,48,0
18560,0,0,70000,2,4,4,1,0,2,1,34,1
25006,1,0,30000,0,2,2,1,1,3,1,28,0
17369,1,1,30000,0,2,2,1,1,3,1,27,0
14495,0,1,40000,3,2,4,0,2,3,1,54,1
18847,0,0,60000,2,4,3,1,2,3,1,70,0
14754,0,1,40000,1,2,0,1,1,1,1,48,1
23378,0,1,70000,1,2,2,1,1,2,1,44,1
26452,1,1,50000,3,4,3,1,2,4,1,69,0
20370,0,1,70000,3,0,2,1,2,3,1,52,0
20528,0,1,40000,2,0,2,1,2,2,1,55,0
23549,1,1,30000,0,1,2,1,2,3,1,30,0
21751,0,1,60000,3,4,3,1,2,1,1,63,0
21266,1,0,80000,0,3,3,1,1,1,1,34,1
13388,1,1,60000,2,2,4,1,1,4,1,56,0
18752,1,0,40000,0,1,2,1,1,3,1,31,0
16917,0,1,120000,1,3,3,1,4,0,1,38,0
15313,0,1,60000,4,3,3,1,2,2,1,59,0
25329,1,0,40000,3,2,0,0,2,0,1,32,0
20380,0,0,60000,3,4,3,1,2,4,1,69,0
23089,0,1,40000,0,2,2,1,1,3,1,28,0
13749,0,1,80000,4,4,2,1,0,1,1,47,0
24943,0,1,60000,3,3,3,1,2,4,1,66,0
28667,1,1,70000,2,3,2,0,1,0,1,37,1
15194,1,1,120000,2,3,3,0,3,0,1,39,1
17436,0,1,60000,2,1,4,0,2,1,1,51,0
18935,0,0,130000,0,4,3,1,3,1,1,40,0
16871,0,0,90000,2,1,4,1,1,4,1,51,1
12100,1,1,60000,2,3,3,1,0,4,1,57,0
23158,0,0,60000,1,4,4,0,0,0,1,35,1
18545,0,1,40000,4,1,4,0,2,4,1,61,1
18391,1,0,80000,5,2,4,1,2,3,1,44,0
19812,1,0,70000,2,2,4,1,0,3,1,49,1
27660,0,1,80000,4,4,3,1,2,3,1,70,0
18058,1,0,20000,3,1,2,1,2,2,1,78,0
20343,0,0,90000,4,2,4,1,1,1,1,45,0
28997,1,1,40000,2,1,4,0,1,2,1,58,1
24398,0,1,130000,1,4,3,1,4,0,1,41,0
19002,0,0,60000,2,2,4,1,1,2,1,57,1
28609,0,1,30000,2,1,2,0,2,0,1,49,0
29231,1,0,80000,4,2,4,0,2,0,1,43,0
18858,1,1,60000,2,0,2,1,2,3,1,52,1
20000,0,1,60000,1,4,4,1,0,0,1,35,1
25261,0,1,40000,0,1,2,1,2,3,1,27,0
17458,1,1,70000,3,1,4,1,0,3,1,52,1
11644,1,1,40000,2,3,2,1,0,2,1,36,0
16145,1,0,70000,5,4,4,1,3,4,1,46,1
16890,0,1,60000,3,0,2,1,2,3,1,52,1
25983,0,1,70000,0,3,4,0,1,0,1,43,0
14633,0,1,60000,1,2,2,1,1,2,1,44,0
22994,0,0,80000,0,3,3,1,1,1,1,34,1
22983,1,0,30000,0,0,0,1,2,3,1,27,0
25184,1,1,110000,1,2,4,1,4,3,1,45,1
14469,0,0,100000,3,2,4,1,4,1,1,45,0
11538,1,0,60000,4,4,2,0,0,0,1,47,1
16245,1,0,80000,4,4,2,1,0,1,1,47,0
17858,0,1,40000,4,1,2,1,2,2,1,44,1
25347,1,0,20000,3,0,0,0,2,0,1,49,0
15814,1,0,40000,0,1,2,1,1,3,1,30,0
11259,0,0,100000,4,2,4,1,4,2,1,41,1
11200,0,1,70000,4,3,3,1,1,1,1,58,0
25101,0,1,60000,5,3,4,1,1,2,1,47,0
21801,0,0,70000,4,2,4,1,1,1,1,55,0
25943,1,0,70000,0,2,2,0,2,0,1,27,1
22127,0,1,60000,3,4,3,1,2,1,1,67,0
20414,0,0,60000,0,2,2,1,2,3,1,29,0
23672,0,0,60000,3,4,3,1,2,1,1,67,0
29255,1,1,80000,3,2,4,0,1,1,1,51,1
28815,0,0,50000,1,4,2,1,0,0,1,35,0
27753,0,1,40000,0,1,2,0,2,1,1,30,0
27643,1,1,70000,5,2,4,1,3,2,1,44,0
13754,1,0,80000,4,4,2,1,0,1,1,48,0
22088,0,0,130000,1,3,3,1,2,0,1,45,1
27388,0,1,60000,3,3,3,0,2,1,1,66,0
24745,1,0,30000,2,1,2,0,2,0,1,49,0
29237,1,0,120000,4,2,4,1,3,3,1,43,1
15272,1,1,40000,0,1,2,0,2,1,1,30,0
18949,1,1,70000,3,4,3,1,2,3,1,74,1
14507,0,1,100000,2,4,3,1,3,1,1,65,0
25886,0,0,60000,2,2,4,1,2,2,1,56,1
21441,0,1,50000,4,3,3,1,2,4,1,64,0
21741,0,0,70000,3,2,4,1,2,3,1,50,1
14572,0,0,70000,3,4,4,1,0,2,1,35,1
23368,0,0,60000,5,3,2,1,3,4,1,41,0
16217,1,0,60000,0,4,2,1,0,0,1,39,0
16247,1,0,60000,4,4,2,1,0,1,1,47,0
22010,1,1,40000,0,1,2,1,2,3,1,31,0
25872,1,0,70000,2,3,3,0,1,2,1,58,1
19164,1,0,70000,0,3,4,0,1,2,1,38,1
18435,1,0,70000,5,4,3,1,2,4,1,67,1
14284,1,1,60000,0,2,4,0,2,1,1,32,1
11287,0,1,70000,5,2,4,0,3,3,1,45,0
13066,1,1,30000,0,1,2,0,2,1,1,31,1
29106,1,1,40000,0,1,2,0,2,1,1,31,1
26236,0,0,40000,3,2,0,1,1,0,1,31,0
17531,0,1,60000,2,1,4,0,2,3,1,50,0
12964,0,1,70000,1,2,2,1,1,0,1,44,0
19133,1,1,50000,2,3,2,1,1,2,1,38,1
24643,1,0,60000,4,3,3,1,2,4,1,63,0
21599,0,0,60000,1,4,4,1,0,2,1,36,1
22976,1,1,40000,0,1,2,0,2,0,1,28,1
27637,1,0,100000,1,2,4,0,3,1,1,44,0
11890,0,0,70000,5,4,4,1,1,0,1,47,0
28580,0,0,80000,0,4,2,1,0,1,1,40,1
14443,0,1,130000,1,4,3,1,4,0,1,40,0
17864,0,0,60000,1,2,2,1,1,2,1,46,1
20505,0,0,40000,5,1,4,0,2,4,1,61,0
14592,0,0,60000,0,4,4,1,0,0,1,40,0
22227,0,0,60000,2,1,4,1,2,3,1,50,0
21471,0,1,70000,2,2,4,1,1,4,1,59,0
22252,1,0,60000,1,4,4,1,0,2,1,36,1
21260,1,0,40000,0,1,2,1,2,3,1,30,0
11817,1,0,70000,4,4,4,1,0,2,1,35,1
19223,0,0,30000,2,1,2,1,2,1,1,48,0
18517,0,1,100000,3,3,3,1,4,0,1,41,0
21717,0,1,40000,2,2,0,1,1,0,1,47,0
13760,0,1,60000,4,4,2,0,0,0,1,47,0
18145,0,1,80000,5,3,3,0,2,2,0,62,0
21770,0,1,60000,4,3,3,1,2,4,1,60,0
11165,0,0,60000,0,2,2,0,1,1,1,33,0
16377,1,0,80000,4,4,2,0,0,0,1,47,0
26248,0,1,20000,3,0,0,0,2,0,1,52,0
23461,0,0,90000,5,2,4,1,3,2,1,40,0
29133,1,0,60000,4,3,2,0,2,0,1,42,0
27673,1,0,60000,3,4,3,1,2,3,1,53,1
12774,0,0,40000,1,2,0,1,1,1,1,51,1
18910,1,1,30000,0,2,2,1,2,3,1,30,0
11699,1,1,60000,4,3,2,0,2,0,1,43,0
16725,0,1,30000,0,1,2,1,2,3,1,26,0
28269,1,0,130000,1,3,3,0,1,2,1,45,0
23144,0,1,50000,1,3,2,1,0,0,1,34,1
23376,0,1,70000,1,3,4,1,1,2,1,44,1
25970,1,0,60000,4,3,2,0,2,0,1,41,1
28068,1,0,80000,3,4,4,0,0,0,1,36,1
18390,0,1,80000,5,2,4,1,2,0,1,44,0
29112,1,1,60000,0,2,4,0,2,1,1,30,0
14090,0,0,30000,0,0,0,0,2,0,1,28,0
27040,0,1,20000,2,0,0,1,2,1,1,49,0
23479,1,1,90000,0,2,4,0,2,0,1,43,1
16795,0,0,70000,4,3,3,1,1,1,1,59,0
22014,1,1,30000,0,1,2,1,2,3,1,26,0
13314,0,1,120000,1,1,4,1,4,3,1,46,1
11619,1,0,50000,0,4,2,1,0,1,1,33,0
29132,1,0,40000,0,3,4,1,1,2,1,42,1
11199,0,0,70000,4,3,3,1,1,4,1,59,0
20296,1,0,60000,0,2,2,0,1,1,1,33,1
17546,0,0,70000,1,2,2,1,1,0,1,44,1
18069,0,1,70000,5,3,3,1,4,4,1,60,0
23712,1,0,70000,2,3,3,1,1,4,1,59,0
23358,0,1,60000,0,1,4,1,2,3,1,32,1
20518,0,0,70000,2,2,4,1,1,4,1,58,0
28026,0,0,40000,2,1,4,0,2,2,1,59,0
11669,1,0,70000,2,3,2,1,1,2,1,38,0
16020,0,1,40000,0,1,2,1,2,3,1,28,1
27090,0,0,60000,1,4,4,1,0,2,1,37,1
27198,1,0,80000,0,4,2,0,0,0,1,40,0
19661,1,1,90000,4,3,3,1,1,1,1,38,1
26327,0,1,70000,4,4,4,1,0,2,1,36,1
26341,0,0,70000,5,4,4,1,2,0,1,37,0
24958,1,0,40000,5,1,4,0,3,2,1,60,1
13287,1,1,110000,4,3,3,1,4,3,1,42,1
14493,1,0,70000,3,4,3,0,2,1,1,53,0
26678,1,0,80000,2,0,2,1,2,3,1,49,0
23275,0,1,30000,2,1,2,1,2,1,1,49,0
11270,0,1,130000,2,4,3,1,3,0,1,42,1
20084,0,1,20000,2,1,1,0,2,0,1,53,0
16144,0,1,70000,1,4,4,1,1,0,1,46,1
27731,0,1,40000,0,1,2,1,2,3,1,27,0
11886,0,0,60000,3,3,4,1,1,0,1,48,1
24324,1,0,60000,4,3,2,1,2,2,1,41,1
22220,0,1,60000,2,1,4,0,2,1,1,49,1
26625,1,0,60000,0,4,4,1,1,2,1,38,1
23027,1,1,130000,1,3,3,0,4,0,1,44,0
16867,1,0,130000,1,3,3,0,3,0,1,45,1
14514,1,0,30000,0,2,2,1,1,3,1,26,0
19634,0,1,40000,0,1,2,1,1,3,1,31,0
18504,0,1,70000,2,0,2,0,2,1,1,49,0
28799,1,0,40000,2,2,0,0,1,1,1,47,1
11225,0,0,60000,2,2,4,1,1,4,1,55,0
17657,0,1,40000,4,2,0,0,0,0,1,30,0
14913,0,0,40000,1,2,0,1,1,1,1,48,1
14077,1,1,30000,0,1,2,1,2,3,1,30,0
13296,0,1,110000,1,3,3,1,3,3,1,45,0
20535,0,0,70000,4,2,4,1,1,4,1,56,0
12452,0,1,60000,4,4,2,1,0,1,1,47,1
28043,0,0,60000,2,3,3,1,0,4,1,56,0
12957,1,0,70000,1,3,4,0,1,0,1,44,0
15412,0,1,130000,2,4,3,1,3,2,1,69,0
20514,0,0,70000,2,2,4,1,1,2,1,59,0
20758,0,1,30000,2,1,2,1,2,1,1,50,0
11801,0,1,60000,1,4,4,1,0,2,1,36,0
22211,0,1,60000,0,2,4,1,2,3,1,32,0
28087,1,0,40000,0,2,2,0,1,1,1,27,0
23668,0,0,40000,4,1,4,1,2,3,1,59,1
27441,0,1,60000,3,1,4,0,2,2,1,53,0
27261,0,1,40000,1,3,2,0,1,0,1,36,1
18649,1,1,30000,1,1,0,1,2,1,1,51,1
21714,1,0,80000,5,4,2,0,0,0,1,47,0
23217,1,0,60000,3,4,4,1,0,2,1,43,1
23797,1,1,20000,3,0,0,0,2,0,1,50,0
13216,0,0,60000,5,3,3,1,3,4,1,59,0
20657,1,1,50000,2,3,2,1,0,2,1,37,1
12882,0,1,50000,1,4,2,1,0,0,1,33,1
25908,0,0,60000,0,2,2,0,1,1,1,27,0
16753,1,0,70000,0,2,2,1,2,3,1,34,1
14608,0,1,50000,4,3,2,1,3,4,1,42,0
24979,0,0,60000,2,2,4,1,2,2,1,57,1
13313,0,0,120000,1,1,4,0,4,2,1,45,0
18952,0,0,100000,4,3,3,1,4,0,1,40,0
17699,0,1,60000,1,4,2,0,0,0,1,35,0
14657,0,1,80000,1,2,2,0,1,0,1,47,1
11540,1,1,60000,4,4,2,1,0,1,1,47,1
11783,0,0,60000,1,4,2,1,0,0,1,34,0
14602,0,0,80000,3,4,4,1,0,0,1,36,1
29030,0,1,70000,2,0,2,1,2,4,1,54,0
26490,1,1,70000,2,3,3,0,1,2,1,59,1
13151,1,1,40000,0,1,2,1,2,3,1,27,0
17260,0,1,90000,5,2,4,1,3,0,1,41,0
15372,0,1,80000,3,2,4,0,2,2,1,50,1
18105,0,0,60000,2,2,4,1,1,4,1,55,0
19660,0,1,80000,4,3,3,1,0,0,1,43,0
16112,1,1,70000,4,3,4,1,2,2,1,43,1
20698,0,1,60000,4,3,2,1,3,3,1,42,0
20076,1,0,10000,2,1,1,1,2,1,1,53,1
24496,1,0,40000,0,1,2,0,2,0,1,28,1
15468,0,0,50000,1,3,2,1,1,0,1,35,0
28031,1,0,70000,2,3,3,0,1,2,1,59,1
26270,1,0,20000,2,0,0,1,2,1,1,49,0
22221,0,1,60000,2,1,4,0,2,1,1,48,1
28228,1,0,80000,2,0,2,0,2,1,1,50,0
18363,0,1,40000,0,1,2,1,2,3,1,28,1
23256,1,1,30000,1,1,0,0,1,3,1,52,0
12768,0,1,30000,1,1,0,1,1,2,1,52,1
20361,0,1,50000,2,4,3,1,2,3,1,69,0
21306,1,1,60000,2,1,4,1,2,3,1,51,0
13382,0,1,70000,5,2,4,1,2,1,1,57,1
20310,1,1,60000,0,2,2,1,1,3,1,27,1
22971,1,0,30000,0,1,2,0,2,0,1,25,1
15287,1,0,50000,1,4,2,1,0,1,1,33,1
15532,1,1,60000,4,3,4,1,2,2,1,43,1
11255,0,1,70000,4,4,3,1,2,3,1,73,0
28090,0,1,40000,0,2,2,1,1,3,1,27,0
15255,0,1,40000,0,1,2,1,2,3,1,28,1
13154,0,1,40000,0,1,2,0,2,0,1,27,1
26778,1,0,40000,0,1,2,1,2,3,1,31,0
23248,0,0,10000,2,1,1,1,2,1,1,53,0
21417,1,0,60000,0,2,4,0,2,1,1,32,1
17668,1,1,30000,2,1,2,1,2,1,1,50,1
27994,0,0,40000,4,1,4,1,2,3,1,69,0
20376,1,0,70000,3,4,3,1,2,3,1,52,1
25954,0,1,60000,0,2,2,0,2,1,1,31,0
15749,1,0,70000,4,3,3,1,2,4,1,61,0
25899,0,0,70000,2,1,4,1,2,4,1,53,0
13351,1,0,70000,4,3,3,1,2,1,1,62,1
23333,0,1,40000,0,2,2,0,2,1,1,30,0
21660,0,0,60000,3,4,4,1,0,2,1,43,1
17012,0,0,60000,3,4,4,1,0,2,1,42,1
24514,0,1,40000,0,2,2,1,1,3,1,30,0
27505,1,0,40000,0,1,2,1,2,3,1,30,0
29243,1,1,110000,1,3,3,1,1,3,1,43,0
26582,0,1,60000,0,2,2,1,2,3,1,33,1
14271,0,1,30000,0,1,2,1,2,3,1,32,0
23041,1,0,70000,4,1,4,1,0,3,1,50,1
29048,1,1,110000,2,3,3,0,3,0,1,37,1
24433,0,1,70000,3,1,4,0,1,1,1,52,1
15501,0,1,70000,4,4,4,1,0,2,1,36,1
13911,1,0,80000,3,3,2,1,2,2,1,41,1
20421,1,0,40000,0,0,0,1,2,3,1,26,0
16009,1,1,170000,1,4,3,0,4,0,1,66,0
18411,0,1,60000,2,1,4,0,2,3,1,51,0
19163,0,0,70000,4,3,4,1,2,0,1,43,1
18572,0,0,60000,0,4,4,1,0,0,1,39,0
27540,1,0,70000,0,3,4,0,1,0,1,37,1
19889,1,0,70000,2,0,2,0,2,2,1,54,1
12922,1,0,60000,3,3,2,1,0,2,1,40,1
18891,0,0,40000,0,2,2,1,2,3,1,28,0
16773,0,1,60000,1,4,2,1,0,0,1,33,0
19143,1,0,80000,3,3,2,1,2,2,1,41,1
23882,1,0,80000,3,4,4,1,0,0,1,37,1
11233,0,1,70000,4,2,4,1,2,4,1,53,0
12056,0,1,120000,2,4,3,1,3,3,1,64,0
15555,0,0,60000,1,2,2,1,1,2,1,45,1
18423,1,1,80000,2,0,2,0,2,1,1,52,0
22743,0,0,40000,5,1,4,1,2,4,1,60,0
25343,1,0,20000,3,0,0,1,2,1,1,50,0
13390,0,0,70000,4,2,4,0,1,1,1,56,0
17482,1,0,40000,0,0,0,1,2,3,1,29,0
13176,1,1,130000,0,4,3,0,2,0,1,38,1
20504,0,0,40000,5,1,4,0,2,2,1,60,0
12205,1,0,130000,2,3,3,0,4,0,1,67,0
16751,0,1,60000,0,2,2,1,1,3,1,32,1
21613,1,1,50000,2,3,2,0,1,0,1,39,1
24801,1,1,60000,1,4,4,1,0,2,1,35,1
17519,0,0,60000,0,2,4,1,2,3,1,32,0
18347,1,0,30000,0,2,2,0,1,1,1,31,0
29052,1,1,40000,0,2,2,1,1,3,1,27,0
11745,0,0,60000,1,3,4,1,1,0,1,47,1
19147,0,1,40000,0,3,4,0,1,0,1,42,0
19217,0,1,30000,2,1,2,1,2,1,1,49,0
15839,1,1,30000,0,2,2,1,1,3,1,32,0
13714,0,0,20000,2,1,1,0,2,1,1,53,1
22330,0,1,50000,0,4,2,1,0,1,1,32,1
18783,1,1,80000,0,3,3,0,1,0,1,38,1
25041,1,1,40000,0,1,2,1,2,3,1,31,0
22046,1,0,80000,0,3,3,0,1,0,1,38,1
28052,0,1,60000,2,1,4,1,2,4,1,55,0
26693,0,1,70000,3,2,4,1,1,3,1,49,0
24955,1,1,30000,5,0,2,1,3,4,1,60,1
26065,1,0,110000,3,3,3,0,4,1,1,42,0
13942,0,1,60000,1,2,2,1,1,0,1,46,0
11219,0,1,60000,2,1,4,1,2,4,1,55,0
22118,1,0,70000,3,4,3,1,2,3,1,53,1
23197,0,1,50000,3,3,2,1,2,2,1,40,0
14883,0,0,30000,1,3,2,1,1,3,1,53,1
27279,1,0,70000,2,3,2,1,0,2,1,38,1
18322,1,1,30000,0,0,0,0,2,0,1,26,0
15879,0,1,70000,5,3,3,1,2,2,1,61,0
28278,0,1,50000,2,4,3,1,2,3,1,71,0
24416,0,1,90000,4,1,4,1,2,1,1,45,0
28066,0,1,80000,2,4,4,1,0,0,1,37,1
11275,0,0,80000,4,4,3,1,2,0,1,72,1
14872,0,1,30000,0,4,2,1,0,0,1,32,0
16151,0,0,60000,1,3,4,1,1,2,1,48,1
19731,0,1,80000,4,4,3,1,2,3,1,68,0
23801,0,0,20000,2,0,0,1,2,0,1,49,0
11807,0,1,70000,3,4,4,1,0,2,1,34,0
11622,0,1,50000,0,4,2,1,0,0,1,32,0
26597,1,0,60000,4,3,2,0,2,0,1,42,0
27074,0,0,70000,1,4,2,1,0,0,1,35,1
19228,0,0,40000,2,2,0,1,1,0,1,48,0
13415,1,1,100000,1,4,3,1,3,2,1,73,1
17000,1,0,70000,4,3,2,1,2,2,1,43,1
14569,0,1,60000,1,4,4,1,0,0,1,35,0
13873,0,1,70000,3,4,4,1,0,0,1,35,1
20401,0,0,50000,4,3,3,1,2,1,1,64,1
21583,0,0,50000,1,3,2,1,0,0,1,34,1
12029,0,1,30000,0,0,0,0,2,0,1,28,0
18066,1,1,70000,5,3,3,1,3,4,1,60,1
28192,0,0,70000,5,4,4,1,3,4,1,46,0
16122,0,1,40000,4,1,2,1,2,0,1,44,1
18607,1,0,60000,4,3,2,1,2,2,1,42,1
28858,1,1,80000,3,3,2,1,0,2,1,40,0
14432,1,1,90000,4,4,3,1,1,3,1,73,0
26305,1,0,60000,2,3,2,0,0,0,1,36,1
22050,1,1,90000,4,3,3,1,1,1,1,38,1
25394,0,1,60000,1,4,4,1,0,2,1,34,1
19747,0,1,50000,4,3,3,1,2,4,1,63,0
23195,1,1,50000,3,3,2,1,2,2,1,41,1
21695,0,1,60000,0,4,2,1,0,1,1,39,1
13934,0,1,40000,4,1,2,1,2,2,1,46,0
13337,0,0,80000,5,3,3,1,2,3,1,64,0
27190,0,0,40000,3,2,0,1,1,1,1,32,0
28657,1,1,60000,2,3,2,1,0,2,1,36,1
21713,1,1,80000,5,4,2,0,0,0,1,47,0
21752,0,1,60000,3,4,3,1,2,4,1,64,0
27273,1,1,70000,3,4,4,0,0,0,1,35,1
22719,1,1,110000,3,3,3,1,4,2,1,40,1
22042,0,0,70000,0,2,2,1,2,3,1,34,1
21451,0,0,40000,4,1,4,1,2,4,1,61,0
20754,0,1,30000,2,1,2,1,2,1,1,51,0
12153,1,0,70000,3,2,4,1,1,3,1,49,1
16895,0,0,40000,3,2,4,0,2,1,1,54,1
26728,1,1,70000,3,4,3,0,2,1,1,53,1
11090,1,1,90000,2,2,4,1,1,2,1,48,1
15862,1,0,50000,0,4,2,1,0,1,1,33,1
26495,1,0,40000,2,1,4,1,2,4,1,57,0
11823,0,0,70000,0,4,4,1,0,2,1,39,0
23449,0,1,60000,2,1,4,1,2,3,1,48,0
23459,0,1,60000,2,1,4,1,2,3,1,50,0
19543,0,1,70000,5,4,4,0,3,4,1,47,0
14914,0,0,40000,1,2,0,1,1,1,1,49,1
12033,1,0,40000,0,1,2,0,2,0,1,27,1
11941,1,1,60000,0,2,2,1,2,3,1,29,0
14389,0,1,60000,2,3,3,1,0,2,1,59,0
18050,0,0,60000,1,2,2,1,1,0,1,45,1
19856,0,0,60000,4,3,3,1,2,2,1,60,0
11663,0,1,70000,4,4,4,1,0,0,1,36,1
27740,0,0,40000,0,1,2,1,2,3,1,27,0
23455,1,1,80000,2,0,2,0,2,1,1,50,0
15292,1,0,60000,1,4,2,1,0,1,1,35,0
21587,0,0,60000,1,4,2,1,0,2,1,34,1
23513,0,0,40000,3,2,4,1,2,3,1,54,0
24322,0,0,60000,4,3,2,1,2,0,1,42,0
26298,0,0,50000,1,3,2,1,0,2,1,34,1
25419,1,1,50000,2,3,2,0,1,0,1,38,1
13343,0,0,90000,5,3,3,1,2,1,1,63,1
11303,1,0,90000,4,1,4,0,3,1,1,45,1
21693,1,0,60000,0,4,2,0,0,0,1,40,0
28056,0,1,70000,2,0,2,1,2,4,1,53,0
11788,1,0,70000,1,4,4,1,0,2,1,34,0
22296,0,1,70000,0,3,4,0,1,0,1,38,0
15319,0,0,70000,4,3,3,0,1,1,1,59,0
17654,1,0,40000,3,2,0,1,1,1,1,30,1
14662,0,1,60000,1,3,4,1,1,0,1,48,1
17541,0,0,40000,4,1,2,1,2,2,1,43,0
13886,0,0,70000,4,4,4,1,0,2,1,35,1
13073,0,0,60000,0,2,4,1,2,3,1,30,0
21940,0,1,90000,5,4,4,1,0,0,1,47,1
20196,0,1,60000,1,2,2,1,1,2,1,45,1
23491,1,1,100000,3,2,4,0,4,1,1,45,0
16651,0,0,120000,2,3,3,1,3,3,1,62,0
16813,0,1,60000,2,2,4,1,2,4,1,55,0
16007,0,0,90000,5,3,3,1,2,1,1,66,1
27434,1,1,70000,4,2,4,1,1,4,1,56,0
27756,1,0,50000,3,3,2,0,1,0,1,40,0
23818,0,0,50000,0,4,2,1,0,1,1,33,1
19012,0,1,80000,3,3,3,1,1,1,1,56,0
18329,1,1,30000,0,0,0,0,2,3,1,27,0
29037,0,1,60000,0,4,4,0,0,0,1,39,0
26576,0,0,60000,0,2,2,1,2,3,1,31,0
12192,1,0,60000,2,0,2,0,2,1,1,51,0
14887,0,0,30000,1,1,0,1,1,3,1,52,0
11734,0,1,60000,1,2,2,0,1,0,1,47,0
17462,0,1,70000,3,4,3,1,2,3,1,53,1
20659,0,1,70000,3,4,4,1,0,0,1,35,1
28004,0,0,60000,3,3,3,1,2,4,1,66,0
19741,1,0,80000,4,4,3,1,2,3,1,65,0
17450,0,1,80000,5,2,4,1,3,3,1,45,0
17337,1,1,40000,0,1,2,1,1,3,1,31,0
18594,1,0,80000,3,3,2,1,3,4,1,40,1
15982,0,1,110000,5,2,4,1,4,2,1,46,0
28625,1,1,40000,2,2,0,0,1,1,1,47,1
11269,0,1,130000,2,4,3,1,2,0,1,41,0
25148,0,1,60000,2,1,4,0,2,1,1,48,1
13920,1,0,50000,4,3,2,1,2,0,1,42,0
23704,1,1,40000,5,1,4,1,4,4,1,60,1
28972,1,0,60000,3,4,3,1,2,4,1,66,0
22730,0,1,70000,5,3,3,1,2,4,1,63,0
29134,0,1,60000,4,3,2,0,3,4,1,42,0
14332,1,0,30000,0,1,2,0,2,3,1,26,0
19117,1,0,60000,1,4,4,1,0,2,1,36,1
22864,0,1,90000,2,2,4,0,0,3,1,49,1
11292,1,1,150000,1,2,4,0,3,0,1,44,1
13466,0,1,80000,5,2,4,1,3,1,1,46,0
23731,0,1,60000,2,1,4,1,2,2,1,54,1
28672,1,1,70000,4,4,4,1,0,2,1,35,1
11809,0,1,60000,2,3,2,1,0,0,1,38,1
19664,1,1,100000,3,3,3,0,3,1,1,38,0
12121,1,1,60000,3,1,4,1,2,4,1,53,1
